Image,Label
25880,1 6
7810,
23748,3
24621,6
30169,1 4
12453,9
29459,
5732,8
18923,
16430,1 4 6
15652,3
15431,7
25801,
30400,7
28713,
17724,
1019,7
18790,
24686,6
9766,9
5126,
11142,7
3159,9
9056,4
5945,
17995,
27684,
21000,6
28891,
19319,5 6
18490,
26006,
22579,
28791,9
22909,3
21096,0
28225,4
26213,9
30479,
30748,
8572,7
24194,1
26685,
6196,6 7
20699,1 6
6850,9
16900,7
19624,9
23477,9
14583,1 4
2399,
8779,9
15261,
3213,0
10224,6
10932,
27123,4
14865,
23201,8
19203,6
23144,9
12545,5
1685,
16964,
30346,1
26732,9
30860,8
9254,
17357,6
22710,
23598,
10150,
22455,6
15734,
21300,9
25144,4
21117,1
7478,3 4
2494,
1215,1
11727,0
20856,
17632,
23624,3
28275,
3052,
5276,7
13131,
2260,5
22283,
8407,
19732,1
27981,9
16082,
25787,4
27391,
8003,
24220,
25479,4
26588,3
20676,
7947,1 4
23346,
24605,1 4
1521,
6844,9
15639,9
23277,1 4
7338,9
15627,9
13864,7
28131,
29911,
30939,
5749,7
24469,8
14653,9
16284,1
16961,
4874,6
30685,6
23633,9
15724,9
3844,1 6
30989,
12718,9
19609,1 6
9618,5
17859,3 4
1102,1 4 6
20650,
6296,9
5902,9
12183,0
15978,1
17892,1
14028,
21246,1 6
12038,7
15613,7
24824,1 4
15118,4
20259,7
29269,5
5714,0
1278,1
13549,7
14984,1 4 6
4464,1
3241,8
23053,9
6545,
6389,1
1818,
10411,9
11683,
13687,1
11937,7
6958,7
19194,
2515,6
4093,3
15388,
15601,4
3645,1
4523,3
18116,9
12007,9
1580,1 4
21576,7
672,9
10009,
17516,
27925,6
13113,
16894,7
8696,
2584,
23609,
11129,
8603,
20003,1
16211,1 6
19752,9
18736,
4077,2
30854,
26869,4 6
23978,1
4790,7
16230,3 4
20919,
27477,3 4
18301,1
5869,
2750,6
9573,9
12596,9
5042,1 4
10511,
11460,
3833,7
25533,7
17026,9
23018,4
10481,1 4
11775,1 4
14856,5
16610,9
11923,
26602,9
24430,
19758,
17447,
24280,7
16901,6
25153,7
6525,1
16419,9
3521,9
28703,6
19951,
7114,7
3042,1
5993,9
10239,7
14089,1
13764,1
9904,7
10235,9
11691,
8147,7
19127,1
663,
2820,9
2842,4
24925,0
794,0
31007,
17463,1 4
29670,6
15523,1
19147,1
67,9
19650,1
13149,7
4385,5
14946,1
5000,0
1500,
29120,
19961,9
13411,
18655,1
12694,0
27750,9
28639,2 4
1997,1
30072,1
17532,4 6
24291,9
8076,1
4589,
14884,0
23136,
1355,
4013,
2489,9
21813,
18706,5
5341,5
16132,2
10261,1
11348,1
3354,7
10392,1
25171,1 4
17829,
13145,1
26430,6
25676,
6485,
14303,
26632,9
19400,
9336,9
24885,
11908,6
7594,1
17336,9
24838,1
14985,
27357,1 4
1508,4 6
3396,1 4
798,
18630,9
13025,3 4
4233,
23444,
1774,0 4
20540,
8883,4
19108,9
9738,9
4907,5
2613,5
28497,
5585,3
2133,8
23538,
14202,
22548,1
7000,0
30215,6
1979,3
3430,
22329,
5562,3
24543,5 6
29024,
28060,0 4
24139,
10073,1
22281,4 6
25546,7
12769,
16086,6
1080,1
29357,
323,9
22911,0
30535,0
16161,7
5455,7
19293,6
24437,9
30439,
15281,1
4614,
18470,
14625,
21693,6
3441,
22397,
10538,
12851,4
2738,0
1063,
29108,6
4228,4
14058,
7892,
533,6
14717,
21878,7
5004,9
13803,3
8279,1 4
23184,1
255,
10386,5
10325,6
2776,0
14000,0 4
9374,
8712,0
27079,4
27693,
2323,
884,
4144,1 4
22392,
18427,
7626,2
5975,
19853,
2983,1
8640,
3926,
12804,
2901,1
30087,1 4 6
4274,7
15998,9
1638,
11424,9
7036,7
12701,5
7607,
126,6
3422,5 6
8605,4 6
23420,0 4
19294,
20144,9
17293,8
29874,7
25434,5
27575,7
16609,8
12771,1 6
11385,
25014,
17887,
4355,
14523,3
5837,
25062,1
13532,
27453,1
3738,
26108,
19118,1
30702,3 4
16392,9
11620,1
6401,
16399,6
18854,1
27272,1
2338,1
27460,
10500,2
9801,6
9123,
15956,7
9500,
30010,1 4
4689,2 4
24961,1
10836,9
12158,9
28437,0
27026,
7679,
30225,
23688,5 6
28630,
2237,1 4
1488,
2304,
24067,7
26451,9
18,
23997,6
23920,1
14430,
26407,
9281,1 4
27378,
12952,7
1661,
15857,
9292,7
3941,4
26105,
9304,9
23382,4
1913,3
7786,
22124,
3254,3
24722,1
2156,9
17746,
23780,5
12421,9
30752,4
2462,
28827,
3028,1
12170,4
17813,
19578,6
27585,
19351,0
14270,9
26331,3
26132,
3016,
17625,0 4
21985,
15100,9
9387,7
29338,9
18199,4
2617,1 4
29431,4
28101,
27734,9
20,9
24173,8
29085,
20237,
24243,1 4
8240,6
1736,7
30687,7
20336,
23220,9
4531,
19781,1 4
4698,7
3885,1
7867,7
26745,1 6
14241,9
30039,9
17668,
30306,8
22184,5
21387,1 4
13078,4
5833,5
3263,
13314,9
16579,9
17273,4
20086,7
23511,
15761,6
16449,6
12254,5
22224,
24785,
24081,8
10950,0
13310,1 6
27322,
14892,1
5756,8
16757,3
7829,9
21832,9
23936,5
5890,
27590,1 6
28270,
22626,
13694,1
149,1
30301,9
9845,5
30523,1
27706,
14183,7
8030,7
18136,2 4
23859,6
16853,
2729,
4577,
25930,9
22350,6
8767,7
1594,3
5780,1
19754,6
9078,1
29916,7
22090,1
30226,0
20857,1
2517,4
18353,
23912,0
29167,1
787,9
4540,
350,
21489,2 4
27043,
4016,
3827,3
1163,
1629,1
6971,4
29854,
21052,
18440,2
2984,9
30102,
10868,
13820,
10149,7
357,1 4
27069,3 4
2788,2 4
24176,5 6
9295,9
5626,
6736,
28196,
1854,3 4
17649,
25465,6
11886,
675,7
20551,
11623,
21966,8
20313,7
30486,
29682,4
906,9
13611,
21461,
6465,8
15900,1
11593,7
12929,9
14955,2
7946,6
1187,4
948,
15570,9
24822,1 4
30861,3
7348,6
1687,4
1786,1 6
27135,4
1653,7
27762,4
26308,
20396,
9206,0
15284,4 6
7456,5 6
12773,2
7158,9
13008,7
9784,6
25675,4
1855,4
21554,3 4
29533,
20729,
28562,
22544,3
10771,1 4 6
25315,1 4
18742,6 7
27399,7
14956,6
6128,7
1440,
2513,9
29095,
11210,1
25926,6
9844,6
25246,
14293,1
12679,4
19149,3 4
10575,6
19515,1
15373,9
15365,
4073,
24539,1
6877,
13485,
8193,3
4392,9
14966,1 6
24655,0
18408,
13550,
11695,9
1480,9
13408,
2029,
20405,
16803,2 4
22023,6
13830,7
805,7
18245,7
21891,5
23529,
27352,
29493,
21636,
4450,5
25859,3
11079,1 4
28126,
2956,9
14842,4
10079,7
26357,9
30158,9
13296,7
23373,4
3745,3
24027,4
6364,
7757,4
347,9
5872,0
20779,
3267,4
24444,6
24441,
24597,1
16513,
7111,
27179,6
23739,8
23765,3
18461,5 6
12047,7
20421,4
12878,4
27847,
26729,
5435,
586,1 4
9362,
8892,0 4
29219,2 4
29605,4
12213,3 4 6
4881,
18113,6
9255,4
17734,9
24412,9
6866,1
16599,9
26780,6
28019,9
8418,7
30970,0
10275,9
4271,8
29841,
3707,
13736,8
3612,
309,5
26197,
11002,6
3340,
13657,
22059,
2849,
29601,
15861,1
12737,3 4
11067,1 4
11136,
18240,7
26289,4
6810,
26523,7
886,4
1649,
24428,7
17321,
15005,6
8007,
4301,6
8272,5
8474,
27977,3
30,
408,9
18215,3
15680,7
903,
5727,8
4065,7
19882,
10709,
9759,
17455,7
1107,0
27027,
23060,1 4
20011,
29914,1 6
28573,
5632,0
5017,
1395,4
30002,
22802,0 4
15428,4
10208,0
13477,
29674,3
7891,1
29613,7
12022,7
14427,
27526,7
6904,
5802,1 4
27134,6
30501,0 4
23894,1 4
23488,
25094,2
14778,9
5151,3 4
3895,
3919,
4028,7
2319,
8785,7
30121,
19240,8
21648,0
30361,
6743,6
16026,7
27621,
667,
28038,3
20881,
27256,
26951,0
8221,6
5403,7
11461,5 6
29417,7
24652,
16038,1
29356,1
22107,3
28029,0
3320,
27652,
30600,0
16418,9
1728,1
13515,
25828,9
28249,2
9488,
25580,
19556,6
18418,6
11508,
25839,7
11995,5
11698,2
28312,
12731,
19813,3
15403,2
18352,
2223,7
15768,4
8269,2 4
3053,
16566,6
10346,6
13043,1 4
13799,1 4 6
8084,6
21865,9
19066,
11715,
12934,3 8
13094,
18848,7
14802,
6331,4
14932,9
26783,3
9448,
28727,
26843,7
8800,
26705,9
4547,
12834,1 6
28929,7
24221,3
25232,
24993,
1737,1
13559,7
5537,
17752,
24536,2 4
19481,
2681,
20589,4
15862,6
23165,1 4
20400,4
21481,7
7610,7
16724,
24997,
24741,7
15245,4
20627,1 6
7275,1 4 6
11061,4
28149,
5578,
7339,
8246,7
16460,1
28754,
1935,1
29030,
16681,
18652,
26131,4
15952,1 4
8341,
12493,3
9570,9
3272,
27416,
25380,5
19811,
7087,1
19155,6
624,7
3965,3
15737,4
21518,6
20071,3
4755,8
9005,
28294,
12990,
9849,0
25146,4
9456,1
20052,5
19729,7
10389,
7125,3
8530,
27849,
17117,1 9
20159,9
17396,1 6
22113,4
9895,8
18022,1
17695,4
5373,
17531,9
1442,
8114,3 4
7464,1
16029,1
11650,
19441,1
19822,7
20817,5
25055,9
13640,9
4119,1
3760,3
16763,
9088,2
7615,9
1312,9
19092,9
13940,8
19006,
1391,
28984,0 6
27194,4
25056,1 4
2033,3
994,9
22250,9
25871,
6633,4 6
19794,0
31018,9
28543,9
5446,
19506,
28012,4
30300,
7664,9
5916,7
20038,1
22117,
18376,1 4 6
16721,7
27967,1 6
7205,
18442,1
12205,5
11131,
11564,
26456,1 4
11015,7
29571,1
13041,1
26234,3
27413,7
28960,1 4
25736,1
19874,4 6
839,6
9264,1
29880,
20171,4
3902,1 4
26078,7
12661,9
7031,0
4002,2 4
25423,3
13807,
10877,
1914,4
1130,9
266,1
15696,9
7458,1
11477,
27943,
18815,3
11756,7
8673,1
2990,
17090,7
16963,3 4
23002,7
10024,9
13033,9
330,
6334,9
24309,
20482,9
3133,
5395,4
11138,
27496,0
17502,9
15718,9
26484,
15469,6
24637,
806,7
3860,1 4
27111,
1853,1
25118,0
16867,
27801,
9297,
17069,1 9
17610,1
23463,
21616,6
16421,6
11696,0 4
13931,5
1077,
24116,7
20679,4
22768,
21855,
14166,
19659,9
28688,1
21788,7
28559,
22446,1 4
20586,7
12139,9
18138,
8153,1
4095,1 4
29311,0 4
5927,4
31003,1 6
17898,0
30312,3
18569,8
21654,
16682,
24279,9
23686,
19945,4
7284,7
1076,
27633,3 4
24807,9
29695,1
12378,3
20944,9
23564,3
19018,
4751,
29526,1 4
27888,
1682,1
25125,
9566,9
11366,3
20378,7
2097,
6376,
5746,
12238,7
7738,1
6605,
16238,0
28962,
605,
27008,
26543,
1184,1 6
6495,3 4
42,9
27581,9
29202,8
393,
1386,
21233,7
15116,3
30021,1
5984,0 4
19230,
3466,
27770,8
17517,
4252,2 4
4454,1
5267,7
22453,9
11118,8
8172,3 4
15655,5 6
30571,
21373,5
7273,
7845,1
4180,9
14124,
24850,9
9207,
34,5
22112,7
3870,3
30212,
14736,9
11524,3
19661,
4048,1
2465,1
7466,2
1681,2 4
15430,
17961,3
788,1
20245,
3175,
30823,9
3387,
3084,1
26387,9
24535,6
27048,9
759,8
24374,4 6
3458,
12445,0
997,1
20743,1 4
9228,2 4
17671,1
10567,9
12415,5
1289,4
13614,1 9
9858,4
7089,
29585,7
18474,2
10144,9
18821,
3011,1
12218,2
26582,
28353,0
2959,
2535,0
23730,9
17872,1 4
3702,4
6245,
21358,
2898,
16278,5
20193,
29782,
5531,
12102,9
5912,1
21605,3
15329,
12676,
19079,9
27121,6
2607,
18649,1 6
13376,1 4 6
21720,
8705,9
15782,1 4 6
20976,7
26186,3
23225,9
7453,1 6
3475,
23402,1 4
13279,1
627,9
11404,1 4
29925,1 4
2995,
6825,7
6017,5
27859,
29450,0
30313,
2589,3
18791,
19205,4
4442,9
14620,4 6
8538,7
27975,3 6
9551,9
25745,4
3832,
5022,6
30187,7
890,8
9948,
7732,
13619,
26594,
23425,
3427,7
24992,7
4707,0
2123,5
237,
9126,1
21264,4
21024,1
9293,9
19767,
14816,4
29967,4
18595,
15443,
10862,
182,
16828,4
27792,1 4
14107,
10506,
8107,6
29807,1
27707,7
7417,3
9128,7
19771,1 6
21639,7
3203,7
26065,1 6
22870,4
15331,
21958,2 4
7842,7
30007,1
470,9
2814,6
13720,4
15045,9
24403,6
14969,0
6902,4
9697,
19483,8
12405,1
3951,4 7
29710,3
2470,4
28297,4
1564,
12837,0
9186,3
26868,1
31059,3 4
13612,
16934,1
15605,4 6
28290,
10219,
20027,1
2231,9
30278,
7828,9
26915,
23288,7
2971,3 4
30936,
11055,8
30304,5
8844,1
19107,1
1058,9
6407,
9593,3
11905,9
11420,7
10980,
29823,0 4
24670,1
27435,4
11665,
23072,2
18070,
24911,9
13760,
29676,4 6
12835,
26597,
28323,6
8711,
6626,
4620,5
322,1
20398,6
27950,7
22279,
880,9
6149,9
12858,
24271,
15981,
12900,9
30107,
19081,
7030,0
20687,
28779,
11646,
16104,0
12538,7
4899,4 6
29289,
13260,4
15452,9
14779,6
12370,9
10964,9
18702,4
6721,
10641,0
2212,1
6258,9
6167,
15703,7
14435,7
30233,6
22726,
28789,1
22855,7
7662,5
20564,7
28978,9
8908,1 4 6
22280,4
25002,9
14750,
24154,6
20535,9
9645,7
11681,
2192,4
20129,4
28796,9
22197,4
29479,7
10931,9
28189,
9688,7
15878,
1087,1
1533,1
25640,
8631,
24814,
6210,
13584,7
29166,9
13022,7
63,6
9195,
7163,3
1917,
1272,9
16707,
12230,
23607,6
1814,
29322,7
11029,
1610,6
4011,6
9280,9
22922,
26560,9
13735,8
9179,7
8996,7
28826,
13906,
26272,5
22521,4
11351,1
28883,9
29577,3
11842,2
894,
21209,1 4
10547,5
20443,
4240,
10040,1
26792,
26483,3
11613,5
21658,9
10153,
1982,
29318,
26134,4
12441,6
17479,4
25747,7
11358,
9903,
16273,7
7560,9
26908,
23568,4 6
30146,
14125,5
28362,
28390,
10247,4
4216,6 7
13879,7
17835,7
5808,
3893,
6518,
3643,4
11962,
11384,1
20877,4
26874,9
27350,5
23557,0
29158,9
18717,7
17888,
17030,
16112,
19544,1 4 6
14907,7
17560,9
17175,1
15228,6
21793,
6036,
25976,9
23716,
23994,9
1887,0 4
2213,7
5640,
15864,0
28903,3
21735,1 4
11108,6
2073,5
12214,
12850,7
21167,8
17170,6
26700,3 4
12340,
19976,0
3217,1 6
15744,
16373,1
13725,7
7807,9
26909,
28561,1 4
27404,0
17005,
14999,
13772,
10595,
2291,9
12074,
2341,
4602,7
25198,4
20235,
23371,
21399,0
2903,
19151,6
1331,7
10904,6
6359,1 6
1883,1 6
8628,7
29956,1
28600,2
646,9
16310,4 6
20263,9
20280,1
462,1
28208,7
8565,7
15905,
24003,6
30289,
20367,9
9335,
7306,
27608,6
4053,
6170,4
11381,4
22541,1 4 6
7391,9
25494,9
30148,
2148,9
28848,5
29170,
18489,8
14882,7
17098,5 6
6222,
13809,7
24351,9
23319,
20325,
1381,
1791,7
30679,9
6782,2 4
6053,0
28462,9
22976,
4366,5 6
30995,9
1252,9
19898,9
30485,
5409,
4342,6
3658,7
2201,0
1291,
14451,1 6
1182,6
5132,1 6
4753,7
2649,6
20244,
26974,4
11500,9
3328,1 4
23826,3
23806,3
26679,9
1817,
9152,7
28608,
22336,6
14471,7
25402,
5572,6
15848,9
14193,
17468,
22288,
14349,7
4502,3 4
26171,
14376,1 9
16046,
10841,1
21456,0
22725,6
16280,
21284,6
17957,7
30498,9
8843,
15767,
20322,
29708,5
6940,1 6
12621,1 4
16701,
13164,7
21615,4
636,
3268,1 6
12736,6
5025,9
11124,3
16627,5
15480,
12280,3
18254,
18585,
16293,
21208,0
18396,1
28935,7
11428,9
4913,
24331,
14520,1
7141,
1404,7
6589,5
14294,6
26979,7
2727,7
3490,2
4607,
1990,1
24858,6
7490,3 4
16242,9
26467,
8035,4
17136,9
22532,
15517,
1763,7
22550,1
16545,7
20895,3 4
30194,4 6
2724,9
15474,1 4
20227,
1870,
10311,3 4
8140,9
6405,1 4
16063,
7512,
22697,0
27199,1 4
21235,
13825,
15396,
30682,7
27641,
29039,4
7659,1 6
18638,
27793,
4462,4
15682,
3148,1 6
10786,1 6
10838,
2037,7
4527,
29465,7
2109,9
13578,5
26534,
22211,
19570,1
13679,
10240,
13846,
24544,
11378,4 6
9270,1 4 6
26659,9
21112,4
6848,3 4
13013,
9544,4
23293,
3137,
16740,
29983,0
16904,4
9534,
4214,1 6
14675,5
16233,5
11480,6
15134,1
6847,
27098,
29856,4
7480,3 4
7416,2 4
25965,6
18955,9
26142,
28114,
19962,4
20084,
14032,9
12091,0
3500,9
1701,
23005,
29263,1
2439,0
18183,7
7085,
9485,
10196,4
5207,1
15673,9
27713,
16206,1
13168,
28221,
5842,4
29093,7
1429,6
24127,1 6
21434,7
29420,
29200,
26584,9
29156,
24697,
12742,9
27252,
4632,1
16768,
26263,
18165,1 6
24322,5
45,1
9097,6
15636,
5859,3 6
28866,0
5134,0 4
13221,1 6
13004,
27355,9
26871,
16171,1 4 6
25754,7
692,7
18679,1
23486,7
12991,
13476,1
3746,
7059,
8699,3
30927,
11154,7
1879,3
8502,
23527,6
7168,0
30853,
17709,4 6
2392,1
26706,
25874,6
9377,7
17842,
12290,3 4
26726,0
1679,
21072,9
23512,
15647,7
25771,7
5998,
17577,3 4
6271,1 4
18328,6
1603,9
4955,
10050,9
27388,1
15407,
12201,
10631,9
25732,
24710,1
25602,7
9150,1 4
5830,6
2384,9
1835,5
13968,
11497,1 4 6
1840,3
30145,1
9428,7
28972,9
5524,2 4
6973,9
12941,
12985,7
30612,1 9
6172,4
20688,9
6719,
30495,4
28626,1 6
18298,4
10658,6
9780,9
8335,6
1108,9
2273,
19677,9
30156,3
23046,3
16923,
15215,7
6952,6
30709,
16410,3 4
1174,9
27599,6
7240,
24130,
995,9
9224,8
10384,1 4
12750,
28000,3
17344,
8710,6
1787,9
17372,
18528,8
6013,0
3689,5
15031,
22689,7
17464,1
7759,
19457,2 4
11437,
19915,1 4
10123,2
25289,
4560,
21560,6
5285,
19443,
10913,8
25612,9
24555,9
553,7
19375,8
17082,7
23502,1 6
8870,
25227,0
7715,8
18119,7
20377,
23461,7
29155,6
29930,9
21996,3
19972,
30591,
19691,9
27203,4
344,3
2542,
29073,7
25296,
29404,
2038,
22928,
21258,4
6179,7
12120,9
24109,1
19828,0
11166,1
9604,
14182,9
26850,3
23963,7
8966,1
2136,1 6
11045,
5364,2 4
2974,9
13438,5
23025,7
26643,0
17492,3
29300,
22474,1
13379,
26329,9
18869,1
26176,4
23442,8
29633,3
317,
24002,9
15858,
8111,6
19488,6
30763,1
25671,
9406,1 4
12880,
2831,0
30003,7
2039,2
29495,7
11819,4
13601,9
18738,
20190,3
28514,
18171,
12463,9
22171,9
12072,
24208,1 6
3867,
26298,7
17923,7
25211,7
28062,8
11910,9
24624,
24937,7
2431,
22101,9
30625,3 4
4481,
26965,1 4
16464,
5011,7
11649,
7309,1 6
8001,
9882,
20183,7
15466,4
13206,6
30922,
7166,1 4
947,6
30909,3 4 6
28503,7
1079,1
5490,
16020,3
15938,9
28898,4
27218,
22901,9
29644,0
5108,
17761,1
2436,4
26748,9
21909,4
20753,7
29665,3 4
15904,7
5881,
24704,
14592,7
26063,
13967,
17559,
9400,6
17638,
25036,
11038,7
9370,1
8297,
5183,3
21074,
30089,9
6081,9
6310,
27479,3 4
5982,
22422,
11507,7
21933,9
3862,6
11520,3 4
245,
20954,1
18118,
25083,1
25127,6
9148,8
797,0
12215,2 4
26222,7
18271,
20196,1
6410,
16243,9
12527,1
9799,8
3838,
5338,9
23810,5
20397,9
19093,
14577,6
6005,
18559,9
26953,
20051,
26904,6
25549,9
30718,7
16580,6
22877,3 6
26855,8
19954,
9568,
6871,1
9169,4
27127,4
29393,
3400,3 4
17178,2 4
23059,3 6
10999,
20266,1 4 6
27807,1
13345,8
24972,7
8387,5
12698,
18336,0 4
22493,
16032,
27863,0
13380,
17268,3
3625,
11906,
29661,4
3585,5
27227,6
9288,7
6632,9
2214,
16186,7
15185,9
6712,
4458,7
27995,
23166,2 4
7331,9
17007,
17751,
30832,1 4
7566,0
20897,0
8066,7
13508,9
21712,9
6292,9
2921,
3842,0
20901,4
4860,
19605,1 6
10718,
18814,2 4
1153,
4887,2 4
2518,5
26344,1 4
26933,
23713,8
1154,7
15596,9
28408,1
18143,8
16395,8
5233,7
17144,9
28200,
11579,6
17230,6
18103,
27964,7
4489,
4206,1 4
14759,9
3022,7
17342,7
15119,9
30197,
24214,9
6930,
19517,1 6
20693,4 6
26899,7
26710,
1181,1 6
10116,
18561,1
8060,3
20142,9
16704,9
3874,
1364,0
25415,
29261,7
3231,0
2275,9
11785,7
8709,4
2813,
26324,9
3930,1
23687,7
20096,
8163,1 6
7433,9
20780,9
9802,
9972,5
8974,1
25899,4
29183,7
29353,0 4
30770,3
7323,
7767,
28363,8
19586,
2668,1 4
4520,3
24447,6
2378,
22891,4
5023,7
7985,4 6
22139,7
471,9
29080,
8244,9
20543,
5317,
7037,7
4361,
12796,1
2769,4
17316,5
29882,
5752,
17277,1
21535,6 7
10052,9
6253,
1164,0 4
2373,
27486,1
19573,
28232,2 4
5157,1
3331,
28433,
10895,
4241,4
12470,5
27558,4
26623,1
23100,2 6
20784,
8891,9
20824,
8825,1
1531,1 4 6
8451,1
18531,7
8374,
12619,7
19235,2 4
7128,4
25317,6
11795,3 4
20033,9
961,7
26646,
23104,
2626,3
4719,
665,6
24684,1 6
20346,
5107,0
18832,
5436,
12828,9
4092,
16582,
25708,
8187,7
11914,
25132,7
5172,7
20354,
866,
5900,1
18120,9
6604,4
12164,8
6587,
28073,4
10164,
21396,1
16496,
20379,
3586,6
18131,6
5310,9
8199,
22373,
12136,9
4326,6
1846,7
31047,
28089,4
14794,
13037,0 4
24530,
30368,4
26688,1 4 6
10604,
10185,2 4
27905,7
14595,3
11452,1 4
19564,4
13892,4
12602,
7756,
3904,4
6865,9
14436,4
18499,
24020,9
9087,9
21335,
3968,1
2682,9
11073,4 6
28674,5
4063,9
15464,7
15678,5
7929,1 4 6
5839,
7450,7
17883,5
13697,
6400,0
29744,2 4
3075,
14784,3
27488,
26645,6
27366,5 6
13462,4
29881,9
2911,7
19058,0
24426,3 4
18228,
16909,7
30615,
19042,
7784,
20229,3
24799,
20289,9
6849,4 6
29809,
26085,8
10103,
16864,5
10076,6
14328,
25454,
6842,9
25045,7
22994,1
14260,9
15017,
10889,
19873,6
6057,8
23907,5
21190,1
10326,4
30130,
2036,6
30797,1 6
16849,4
29476,
6645,7
10494,
3873,5
898,1
1643,2 4
352,4
22143,
21780,4
11376,7
3039,
14818,
19341,1
2312,1 4
10966,7
4055,
19995,0
13779,9
3766,
12869,1 6
29745,
18890,3
6560,7
19174,
2463,
29746,1 6
16660,9
6350,
1960,7
27794,5 6
25048,1
12034,4
28786,7
2622,
19328,9
13669,9
23552,1 4
10992,6
8291,1
10621,4
17742,1
6246,3
12557,6
4846,6
12176,
14062,9
7477,5
9258,9
13672,1 4
6565,
3706,
10035,4
17214,7
24739,
27797,
23798,9
5899,
12307,
10591,1
6785,7
10721,6
3121,6
3108,5
26482,6
10544,7
21876,7
22553,
5941,3 4
18055,6
18173,1 4
4519,
5098,
17421,4 6
21838,8
27875,
7104,
15957,
26575,
8808,9
26931,
5103,9
22123,7
1453,4
22136,7
8666,1
11773,0
16929,9
26404,
17505,7
26376,
28923,7
21118,9
20250,0
27398,1
17704,
1899,4 6
5277,1 4 6
19191,9
28570,9
12763,1
706,1 4
8428,1 4
3923,9
21622,
17963,
17879,1 4
22531,9
9115,
26282,9
15250,1 4
16376,7
12020,
23658,
481,7
16677,
24355,
16715,1 6
3153,
28004,
24343,
9215,5
16541,5
30292,9
1227,
16003,4
30372,
756,6
25281,
26094,0 4
192,
2837,3
19302,
7074,
6437,
19350,9
184,6
26347,
19372,
23909,1 6
18978,
16783,4
4960,0
25449,
18656,7
24335,3
19421,4 6
9285,7
25400,9
18602,7
7011,4
3775,
741,
7643,9
17700,9
28751,
10491,
25026,4
24644,
27232,1
1905,
27562,
9753,
17486,
30499,
21375,5
864,
24352,3
8734,7
31046,
29375,
94,1 4 6
11663,9
24816,5 6
29191,1
23154,
7543,2
10462,1
22546,1 4
17841,
12112,9
14363,4
5189,
21656,7
5604,1 4
25138,6
17698,4 6
11183,0
29351,
27465,
9660,9
15340,1 4
23422,0
6427,
20492,2 4
6870,9
10519,7
15105,0
22168,9
10636,7
1403,1
16126,9
11070,1 6
7307,
28567,
8626,0
6774,9
10678,9
21173,1
16925,0
11839,
3829,
7022,
17557,7
24630,3
4564,
30037,
13928,9
10730,9
29869,4
2240,1
2302,7
9096,3
14847,7
18581,3
30524,
23818,
21022,4 7
30413,4
15003,
6933,
3481,9
10712,1
13267,5 6
10769,0
26921,9
17199,4
28096,9
25158,1 6
24038,7
17369,2 4
27819,
14968,
7927,5
7831,0
16648,0
19839,4
16337,6
11847,2 4
15460,8
10117,0
22320,6
16703,6
3925,
107,
30848,7
29195,
2005,0
18603,1 4
28265,
8504,
27824,7
17733,1
12058,8
5311,6
21275,
23156,
7,4
23313,1 4
24378,9
8086,1 6
12422,
7591,1
1945,9
30214,9
2790,4
5696,
13233,
16205,0
10480,
3464,7
27269,
16922,
13870,5
7766,4
19027,
7136,
2703,
4499,
1848,2 4
18647,7
10479,4
5843,
20595,
29966,7
28425,9
21134,1
13813,7
26721,1 6
7940,9
16313,8
13123,
23315,
19576,
9163,
19264,
10444,6
3060,7
18619,
11405,1 4 6
5136,9
24312,8
7705,
26717,3 4
26635,
10659,8
28117,
26942,6
6654,9
24061,
13728,
13680,7
19885,6
28377,6
16188,
7436,3
27374,1
1553,
15286,1
28538,2
15511,1
17057,4
7696,6
12484,0
23683,8
19368,4
12079,9
15382,
24084,1
20191,2
23087,1 4
17008,
20841,7
10314,
11161,
9591,7
20953,1 4
10958,9
21374,0 4
8252,9
12901,
20522,
2101,
21957,4
13853,
30560,1
7730,7
6889,6
11228,9
3892,9
3985,
30635,7
22953,1 4 6
13524,
24435,6
8781,1 6
4059,
12535,4
24276,4 6
13542,
23469,1 4 6
14814,1
2499,
19453,6
3147,
8158,1 6
19887,3 4
28623,1
9540,7
21588,
28926,4
19473,9
16475,1
22144,
20615,1
28896,
16156,1
17394,
7936,3
18033,7
10133,
3747,
6189,1
1612,7
23779,4
3008,1
607,1 4
24900,
3250,
22432,
14953,9
22952,
15974,7
26442,7
21283,1 4
12624,
26227,9
30437,0
17561,2
22563,1
8771,
22431,7
16636,
1466,0
25394,
11925,
1746,9
9966,9
4752,
16321,7
10451,4
28823,5
21916,1 4
19049,
265,
4847,1
20395,1
5179,1
4249,
3527,9
3864,4
23169,6
26038,
18128,1
2946,8
23733,1
2877,4
25040,5
14822,0
26794,
26400,8
27830,1 4
9589,9
7280,1
227,
12674,8
8204,1
5221,1 4
17281,7
19440,
29518,
19596,1 4
24369,
22698,
6467,0
18730,
11133,0
1339,7
28696,
14975,1
2301,
19083,1
16457,3
26064,
18990,7
25987,4 6
24628,4
7160,1 4
29307,7
19455,6
10407,1
22191,7
4029,7
5500,8
2947,3
11078,3
5472,1 4
11666,
21799,9
19484,8
8231,7
2256,7
30065,
210,
1567,
4563,3
21196,
12368,
16311,7
5406,
20433,
13170,1
6968,
6704,8
26016,0
5647,9
4762,6
15707,4
14053,9
23333,3
1427,
7495,
10516,3
19846,1 4
2704,1
15762,9
12030,2 4
22214,9
3772,7
14624,7
4114,7
6624,1 4 6
8562,
5243,
10918,6
3621,
26165,
8127,0
21981,5
23905,
2147,7
29332,9
29513,1
301,9
14935,
19486,9
30564,4
26777,
2740,4
13546,1 4 6
16196,2 4
11540,
2086,4
14466,1
28808,
13362,
5086,2 4
27308,
5716,8
16420,
8233,
5848,
26190,7
3508,1
19501,7
9067,7
13453,9
13278,4
20104,
8121,6
610,8
30275,0
14446,
2159,
563,2
14152,
4786,3 4
28966,8
11200,7
8318,6
6751,4
17332,1
19536,1
6101,3
17621,
16078,6
11974,9
2413,1
16263,
21036,
24805,
962,6
8482,
23645,9
29989,
11457,
19706,
24350,5
877,1 4
21779,7
3382,
28872,9
26433,4
13737,2 4
12781,1 6
18596,1 6
4203,7
16725,6
5482,2 4
17191,9
24859,1
4967,1
23565,8
14610,2
17801,2 4
307,
1320,
2492,1
10180,
4265,9
29617,
23698,3 4
24795,3
12896,
27117,1
19922,
23787,1
5032,4 7
8555,
10113,
19579,1
22219,
17132,
23989,
5489,0
19477,5
4358,0
24387,
11294,1 4
30825,7
18662,
23292,6
4347,
16159,9
13002,1
20665,
25086,7
14853,7
19388,7
8738,9
9197,1
26317,1 6
28372,
30845,7
4987,6
19966,8
17167,
5849,1
23150,3 4
23307,6
16473,
17699,9
21761,
6745,
17238,
20049,9
13665,7
13528,6
26129,
25510,1
29280,0
26477,
8732,5
16113,6
17176,1
22189,2 4
13804,
16100,
11255,6
10380,4
30362,
14564,
17417,
28120,
3767,1
17451,5
25124,
10356,
15058,1
14190,4
30455,6
21577,1
28690,9
28163,1
8132,
2997,7
22263,
16474,5
7994,7
29226,9
25226,9
7157,9
6867,
15816,1 6
1956,
20015,1
11601,1
8465,9
30754,0
1348,
11337,1 4
22061,
12080,5
30786,6
28128,0 4
26305,3
28977,
22239,
6360,
5481,
14672,
388,
14161,0
15663,0
2827,1 4
20702,0 4
4166,7
3365,
6006,8
3348,
5499,9
17302,
6696,2 5
14024,9
2445,4
26611,5 6
5031,
18383,8
5496,7
29764,9
30780,
27716,1 4
23878,4
20491,0
17521,5
17894,9
26342,
14557,1 4
16814,4
173,
24980,
22915,1
26115,6
13877,7
1145,9
4042,
12362,
28509,7
30880,
23259,1 6
27333,1
3843,5
18062,1
29162,6
23321,6
18203,1 6
30579,4
24570,
18811,
7925,1 4
25000,5
4156,9
2287,
21553,3
15578,
16664,1
6073,
6700,
25329,9
18473,
3883,7
26470,2 4
3763,1
24780,
10086,3 4 6
7470,1 6
2010,0
26382,2
23621,3
25763,2 4
15326,
8307,
17322,1
12478,9
29251,1
28355,8
21612,0
12636,1
14382,
17312,0
671,
28746,
29270,9
25008,7
10490,1
10608,
21574,
25239,8
15926,6
247,
19126,
30078,9
7113,
19288,3 4
6505,6
30602,7
503,
29971,3 4
27065,1 4
23734,9
17582,
13329,4 6
8491,0
17275,1 4
9039,
17265,9
25998,9
7834,1
3791,
27006,4
25429,1
9613,9
17224,
4769,
27175,
8733,
22565,1 4
15778,9
8243,1 4
8776,1
14991,6
26957,3
17229,0
29418,
4335,
20481,
22258,
15830,1 4
18818,1
11611,7
24484,1 4
3176,1
12622,
22141,0
20149,7
3102,
8726,9
24224,9
28113,1
12548,3
9587,1
20521,2
30064,3 8
16928,
6029,
18308,7
27331,4
18034,0 4
29650,9
29466,4 6
23047,1
12890,
28501,6
7239,5 6
24887,
28551,5 6
29804,1 4
30116,1
11249,6
673,6
2130,8
24895,2 4
4948,5
24775,9
989,
19652,5
20390,0
22515,9
204,9
11713,
24642,8
7693,3 4
9605,
9694,7
16054,
25954,0
17633,9
22495,
19977,0
18074,
1771,4 6
10835,0 4
6435,
12148,9
15501,5
27095,1
23923,9
22192,0 4
13670,9
10309,1
25785,4
26551,1
30736,
13433,
13784,
16959,5
3399,1
14663,1 4 6
7039,1
27717,9
1798,4
30818,4
20646,0
22823,
26385,8
5734,7
26475,1 4
9946,4 6
5689,1 4
10694,1
7133,
20317,6
26037,4
19632,2 4
7803,9
26793,7
24367,
13130,
20194,1
430,7
9681,
13324,8
12476,7
28545,7
31031,7
13189,2 4
20408,
23210,9
3317,1 4 6
16291,9
2025,5
12475,2
4312,1
29005,7
23387,
6776,4
16691,
17895,9
30890,6
3650,1
28240,0
30573,1 4 6
24923,7
13005,2 4
9317,7
21178,6
3819,7
24128,4 6
8028,4
9783,
16908,4 6
5684,
6578,8
20092,4
15704,
23692,7
24261,1
1258,9
31006,
6362,
635,3
27600,1 6
18720,7
12665,
22310,3 4
3635,4
16264,
29792,
19879,
13667,
8223,1 6
13893,
179,
6532,
9355,2
24337,
6824,3 4
21928,
14271,
25570,
24995,1
23883,9
13490,
11421,
27659,7
17012,5
9888,4
18635,
16499,
3618,
27918,1
2942,0
22448,3
459,1
12689,6
21579,7
18806,9
8596,4 6
14308,
25776,5
12993,9
18582,
17935,8
12265,1
17484,
29218,
7982,1
5302,
26983,
22678,8
29058,7
8292,9
10580,
5527,9
7601,
19890,1 4 6
7580,7
25693,8
27611,
4383,6
7319,3
26211,0
5708,5
18724,
11549,
5741,
7263,9
18771,1 4 6
1998,2 4
8015,1
4210,6
30722,
11848,
22730,
24748,
8528,7
710,1
21973,6
17427,1 9
24880,9
18295,6
22596,
854,1
8415,
12807,7
30582,6
28191,6
18083,1 6
20872,0
11012,7
23817,1
27213,5
12159,0 4
2151,
20329,8
7701,4
207,
3816,1 6
27501,4
5072,4
19134,
7251,1
24743,4
9639,1
15714,
11917,
15109,1
19413,
15892,9
16066,9
13069,4
17846,1
22921,0
22289,1
19498,7
23431,9
4822,0
22001,1 6
4629,9
22620,
11504,3 8
8736,1
14678,1
24098,9
15352,3
29146,
21290,9
8814,7
16726,5
17744,
26380,9
16786,9
28584,7
7238,
27616,
11063,1 4
13154,9
15311,6
505,5
3851,1
17926,6
16103,1 4 6
6432,1 6
24681,4 6
29649,1
19756,7
11778,2
14686,4
27548,9
8831,5
3634,9
23655,
25004,
10371,3
25692,3 4
17159,7
1330,4 6
21203,
12526,
8024,3 4
12953,
1094,
6691,1
5084,5
25349,9
172,8
4325,
7191,
27602,
18615,
12089,7
10141,
17658,7
712,
6585,1
6706,2
14232,4
29176,2
27047,1
27489,3
23562,0
24663,
20836,3
980,1
14370,
10818,
13911,
27852,9
27296,
14251,8
21522,8
11260,2 4
27597,
18535,1 4
23105,
5337,7
5215,1
9106,7
26058,9
21344,3 4
7875,6
28416,
28715,1
25037,
112,
25345,
8659,
4471,4
18993,8
23560,7
3782,1
1747,
27406,9
8215,
15486,
6531,6
10681,4
20160,7
1306,1 6
20240,
24339,
15182,
6116,
4118,
21864,2 4
7851,
23751,5
13418,
18485,9
21867,7
7431,4
18334,8
4926,9
15827,7
17882,4
2113,
1902,3 4
27219,
19489,
21018,1 6
3219,
14777,4
13756,9
27929,
23610,1 4
14931,1 4 6
25181,
29140,
104,9
22653,5
11025,
26330,
19377,0 4
256,0
3881,7
24647,9
25208,7
18746,6
6097,6
6852,
20988,
9643,9
4302,2 4
23412,9
18446,1 6
15786,9
14301,2 4
8809,1 4 6
14830,
26925,
10529,7
12071,1 4
9685,
15491,0
12871,2
10602,1 4
294,
20436,6
21770,
16875,5
13605,9
8373,1
18524,2
5765,
2350,9
10160,
23665,
25809,5
8799,9
13819,6
19946,7
19463,0 4
22539,1
28522,1
19395,7
18548,1 4
23360,1
11416,
25255,
23345,1
6474,
29750,2 4
9365,
20172,1
19532,9
12067,0
9231,6
13285,1
9055,
3165,9
20416,
27749,
1654,9
27835,8
27664,
29480,
28744,
23693,3
26707,
20900,9
2968,9
2548,
19655,1
12597,1
11419,
17172,
13469,5 6
98,4
12506,4
18141,0
23274,
26858,
28383,5
15414,
10642,
5423,
623,
78,9
2875,
2760,
29864,
7060,
1310,2 4
30057,4
22811,9
25272,7
8008,1 4
24520,
21158,6
30757,8
9575,7
8664,5 6
15979,4
20087,4 6
19670,
16680,
24184,9
26722,3 4
27691,4
18286,
19394,
18005,
2593,
28080,5
18391,9
23024,
19416,
4851,9
14531,1
6515,9
19263,
13407,4 6
2377,5 6
7229,3 4
18860,3
11290,0
15354,0
5825,1 6
14092,1
8895,
4459,7
30985,
11440,1 4 6
1281,6
30852,1
23651,
27902,
22087,9
26258,9
19686,
24695,4
7032,
15177,
4078,
16602,
2461,4
18104,4
10495,7
13690,1
29038,
20314,
9038,1
16255,
11972,3
16617,3 4
25842,1 4
22303,3
26982,1 6
19482,4 6
2929,
13058,
6544,9
27798,
7002,
30103,5
22116,
1546,
5791,6
14585,1
3852,0
3990,
2242,
2826,8
4399,1 6
10323,7
9416,5
26746,9
26959,
25882,
29681,
23231,0
24129,
10279,1
23300,
30453,
8105,
22899,
11109,9
9155,1
29354,9
551,9
7988,3
15101,
4903,6
3300,1 4
8152,
16262,1 4 6
27073,6
16597,0
12647,
7997,
6964,9
13090,7
23367,
20623,
8545,
29193,1 6
23803,9
10616,7
22583,5
19798,
19663,1
15656,
14961,
10408,9
2424,
27559,4
19607,4
25245,
23678,0
18642,3
10578,9
17817,9
29436,6
22673,7
14407,
15222,3
25155,4 6
23676,
4051,7
13563,0
20026,
6202,
26245,
24275,9
29001,
18411,5
15272,1
11942,1
30282,
25922,
30389,
26760,2 4
21939,
811,
5663,
17763,1 4
16148,4
15094,7
921,
4440,
15139,1
24942,2
2495,3 4
6154,
23736,8
4905,6
23741,
21204,
18914,1
2674,5
21360,
8392,6
9249,4
17988,
29857,6
10508,9
6728,
9910,9
3496,1 4
28050,
26398,4
26912,7
21699,9
30451,
30697,1 6
22490,9
4263,1
26616,2 4
17914,8
9735,
12335,
9588,7
26891,7
7826,
23761,1
17766,1 4
25378,9
25484,
